,danceability,energy,key,loudness,mode,speechiness,acousticness,instrumentalness,liveness,valence,tempo,type,raw_track_uri,uri,track_href,analysis_url,duration_ms,time_signature
0,0.904,0.813,4,-7.105,0,0.121,0.0311,0.00697,0.0471,0.81,125.461,audio_features,0UaMYEvWZi0ZqiDOoHU3YI,spotify:track:0UaMYEvWZi0ZqiDOoHU3YI,https://api.spotify.com/v1/tracks/0UaMYEvWZi0ZqiDOoHU3YI,https://api.spotify.com/v1/audio-analysis/0UaMYEvWZi0ZqiDOoHU3YI,226864,4
1,0.774,0.838,5,-3.914,0,0.114,0.0249,0.025,0.242,0.924,143.04,audio_features,6I9VzXrHxO9rA9A5euc8Ak,spotify:track:6I9VzXrHxO9rA9A5euc8Ak,https://api.spotify.com/v1/tracks/6I9VzXrHxO9rA9A5euc8Ak,https://api.spotify.com/v1/audio-analysis/6I9VzXrHxO9rA9A5euc8Ak,198800,4
2,0.664,0.758,2,-6.583,0,0.21,0.00238,0.0,0.0598,0.701,99.259,audio_features,0WqIKmW4BTrj3eJFmnCKMv,spotify:track:0WqIKmW4BTrj3eJFmnCKMv,https://api.spotify.com/v1/tracks/0WqIKmW4BTrj3eJFmnCKMv,https://api.spotify.com/v1/audio-analysis/0WqIKmW4BTrj3eJFmnCKMv,235933,4
3,0.892,0.714,4,-6.055,0,0.141,0.201,0.000234,0.0521,0.817,100.972,audio_features,1AWQoqb9bSvzTjaLralEkT,spotify:track:1AWQoqb9bSvzTjaLralEkT,https://api.spotify.com/v1/tracks/1AWQoqb9bSvzTjaLralEkT,https://api.spotify.com/v1/audio-analysis/1AWQoqb9bSvzTjaLralEkT,267267,4
4,0.853,0.606,0,-4.596,1,0.0713,0.0561,0.0,0.313,0.654,94.759,audio_features,1lzr43nnXAijIGYnCT8M8H,spotify:track:1lzr43nnXAijIGYnCT8M8H,https://api.spotify.com/v1/tracks/1lzr43nnXAijIGYnCT8M8H,https://api.spotify.com/v1/audio-analysis/1lzr43nnXAijIGYnCT8M8H,227600,4
5,0.881,0.788,2,-4.669,1,0.168,0.0212,0.0,0.0377,0.592,104.997,audio_features,0XUfyU2QviPAs6bxSpXYG4,spotify:track:0XUfyU2QviPAs6bxSpXYG4,https://api.spotify.com/v1/tracks/0XUfyU2QviPAs6bxSpXYG4,https://api.spotify.com/v1/audio-analysis/0XUfyU2QviPAs6bxSpXYG4,250373,4
6,0.662,0.507,5,-8.238,1,0.118,0.257,0.0,0.0465,0.676,86.412,audio_features,68vgtRHr7iZHpzGpon6Jlo,spotify:track:68vgtRHr7iZHpzGpon6Jlo,https://api.spotify.com/v1/tracks/68vgtRHr7iZHpzGpon6Jlo,https://api.spotify.com/v1/audio-analysis/68vgtRHr7iZHpzGpon6Jlo,223440,4
7,0.57,0.821,2,-4.38,1,0.267,0.178,0.0,0.289,0.408,210.857,audio_features,3BxWKCI06eQ5Od8TY2JBeA,spotify:track:3BxWKCI06eQ5Od8TY2JBeA,https://api.spotify.com/v1/tracks/3BxWKCI06eQ5Od8TY2JBeA,https://api.spotify.com/v1/audio-analysis/3BxWKCI06eQ5Od8TY2JBeA,225560,4
8,0.713,0.678,5,-3.525,0,0.102,0.273,0.0,0.149,0.734,138.009,audio_features,7H6ev70Weq6DdpZyyTmUXk,spotify:track:7H6ev70Weq6DdpZyyTmUXk,https://api.spotify.com/v1/tracks/7H6ev70Weq6DdpZyyTmUXk,https://api.spotify.com/v1/audio-analysis/7H6ev70Weq6DdpZyyTmUXk,271333,4
9,0.727,0.974,4,-2.261,0,0.0664,0.103,0.000532,0.174,0.965,79.526,audio_features,2PpruBYCo4H7WOBJ7Q2EwM,spotify:track:2PpruBYCo4H7WOBJ7Q2EwM,https://api.spotify.com/v1/tracks/2PpruBYCo4H7WOBJ7Q2EwM,https://api.spotify.com/v1/audio-analysis/2PpruBYCo4H7WOBJ7Q2EwM,235213,4
10,0.808,0.97,10,-6.098,0,0.0506,0.0569,6.13e-05,0.154,0.868,114.328,audio_features,2gam98EZKrF9XuOkU13ApN,spotify:track:2gam98EZKrF9XuOkU13ApN,https://api.spotify.com/v1/tracks/2gam98EZKrF9XuOkU13ApN,https://api.spotify.com/v1/audio-analysis/2gam98EZKrF9XuOkU13ApN,242293,4
11,0.71,0.553,4,-4.722,0,0.0292,0.00206,5.48e-05,0.0469,0.731,99.005,audio_features,4Y45aqo9QMa57rDsAJv40A,spotify:track:4Y45aqo9QMa57rDsAJv40A,https://api.spotify.com/v1/tracks/4Y45aqo9QMa57rDsAJv40A,https://api.spotify.com/v1/audio-analysis/4Y45aqo9QMa57rDsAJv40A,211693,4
12,0.66,0.666,9,-4.342,1,0.0472,0.0759,0.0,0.0268,0.933,89.975,audio_features,1HwpWwa6bnqqRhK8agG4RS,spotify:track:1HwpWwa6bnqqRhK8agG4RS,https://api.spotify.com/v1/tracks/1HwpWwa6bnqqRhK8agG4RS,https://api.spotify.com/v1/audio-analysis/1HwpWwa6bnqqRhK8agG4RS,214227,4
13,0.687,0.71,9,-5.84,1,0.0522,0.0283,3.71e-06,0.0689,0.886,79.235,audio_features,20ORwCJusz4KS2PbTPVNKo,spotify:track:20ORwCJusz4KS2PbTPVNKo,https://api.spotify.com/v1/tracks/20ORwCJusz4KS2PbTPVNKo,https://api.spotify.com/v1/audio-analysis/20ORwCJusz4KS2PbTPVNKo,216880,4
14,0.803,0.454,8,-4.802,0,0.0294,0.352,0.0,0.0655,0.739,99.99,audio_features,7k6IzwMGpxnRghE7YosnXT,spotify:track:7k6IzwMGpxnRghE7YosnXT,https://api.spotify.com/v1/tracks/7k6IzwMGpxnRghE7YosnXT,https://api.spotify.com/v1/audio-analysis/7k6IzwMGpxnRghE7YosnXT,192213,4
15,0.775,0.731,8,-5.446,1,0.134,0.189,0.0,0.129,0.821,131.103,audio_features,1Bv0Yl01xBDZD4OQP93fyl,spotify:track:1Bv0Yl01xBDZD4OQP93fyl,https://api.spotify.com/v1/tracks/1Bv0Yl01xBDZD4OQP93fyl,https://api.spotify.com/v1/audio-analysis/1Bv0Yl01xBDZD4OQP93fyl,256427,4
16,0.487,0.9,0,-4.417,1,0.0482,6.79e-05,0.0,0.358,0.484,149.937,audio_features,4omisSlTk6Dsq2iQD7MA07,spotify:track:4omisSlTk6Dsq2iQD7MA07,https://api.spotify.com/v1/tracks/4omisSlTk6Dsq2iQD7MA07,https://api.spotify.com/v1/audio-analysis/4omisSlTk6Dsq2iQD7MA07,204000,4
17,0.846,0.482,1,-6.721,0,0.129,0.0246,0.0,0.393,0.212,100.969,audio_features,7xYnUQigPoIDAMPVK79NEq,spotify:track:7xYnUQigPoIDAMPVK79NEq,https://api.spotify.com/v1/tracks/7xYnUQigPoIDAMPVK79NEq,https://api.spotify.com/v1/audio-analysis/7xYnUQigPoIDAMPVK79NEq,229867,4
18,0.705,0.796,7,-6.845,1,0.267,0.0708,0.0,0.388,0.864,166.042,audio_features,6d8A5sAx9TfdeseDvfWNHd,spotify:track:6d8A5sAx9TfdeseDvfWNHd,https://api.spotify.com/v1/tracks/6d8A5sAx9TfdeseDvfWNHd,https://api.spotify.com/v1/audio-analysis/6d8A5sAx9TfdeseDvfWNHd,210453,4
19,0.771,0.685,1,-4.639,1,0.0567,0.00543,0.00157,0.0537,0.683,88.997,audio_features,4pmc2AxSEq6g7hPVlJCPyP,spotify:track:4pmc2AxSEq6g7hPVlJCPyP,https://api.spotify.com/v1/tracks/4pmc2AxSEq6g7hPVlJCPyP,https://api.spotify.com/v1/audio-analysis/4pmc2AxSEq6g7hPVlJCPyP,230200,4
20,0.717,0.733,4,-4.985,1,0.0427,0.0398,0.0,0.136,0.713,119.996,audio_features,215JYyyUnrJ98NK3KEwu6d,spotify:track:215JYyyUnrJ98NK3KEwu6d,https://api.spotify.com/v1/tracks/215JYyyUnrJ98NK3KEwu6d,https://api.spotify.com/v1/audio-analysis/215JYyyUnrJ98NK3KEwu6d,292307,4
21,0.835,0.687,5,-3.18,1,0.184,0.101,0.0,0.132,0.828,94.059,audio_features,0uqPG793dkDDN7sCUJJIVC,spotify:track:0uqPG793dkDDN7sCUJJIVC,https://api.spotify.com/v1/tracks/0uqPG793dkDDN7sCUJJIVC,https://api.spotify.com/v1/audio-analysis/0uqPG793dkDDN7sCUJJIVC,272533,4
22,0.728,0.801,4,-3.636,1,0.0752,0.00349,0.000195,0.0907,0.813,119.989,audio_features,19Js5ypV6JKn4DMExHQbGc,spotify:track:19Js5ypV6JKn4DMExHQbGc,https://api.spotify.com/v1/tracks/19Js5ypV6JKn4DMExHQbGc,https://api.spotify.com/v1/audio-analysis/19Js5ypV6JKn4DMExHQbGc,193043,4
23,0.571,0.89,9,-1.6,1,0.0395,0.00509,0.0,0.0769,0.751,110.958,audio_features,1JURww012QnWAw0zZXi6Aa,spotify:track:1JURww012QnWAw0zZXi6Aa,https://api.spotify.com/v1/tracks/1JURww012QnWAw0zZXi6Aa,https://api.spotify.com/v1/audio-analysis/1JURww012QnWAw0zZXi6Aa,234147,4
24,0.536,0.612,4,-5.847,1,0.272,0.119,0.0,0.209,0.57,86.768,audio_features,7DFnq8FYhHMCylykf6ZCxA,spotify:track:7DFnq8FYhHMCylykf6ZCxA,https://api.spotify.com/v1/tracks/7DFnq8FYhHMCylykf6ZCxA,https://api.spotify.com/v1/audio-analysis/7DFnq8FYhHMCylykf6ZCxA,229040,4
25,0.659,0.869,11,-5.858,1,0.046,0.00357,0.0,0.302,0.811,106.966,audio_features,1TfAhjzRBWzYZ8IdUV3igl,spotify:track:1TfAhjzRBWzYZ8IdUV3igl,https://api.spotify.com/v1/tracks/1TfAhjzRBWzYZ8IdUV3igl,https://api.spotify.com/v1/audio-analysis/1TfAhjzRBWzYZ8IdUV3igl,201960,4
26,0.619,0.87,2,-4.956,1,0.501,0.41,1.37e-06,0.0571,0.94,188.772,audio_features,1Y4ZdPOOgCUhBcKZOrUFiS,spotify:track:1Y4ZdPOOgCUhBcKZOrUFiS,https://api.spotify.com/v1/tracks/1Y4ZdPOOgCUhBcKZOrUFiS,https://api.spotify.com/v1/audio-analysis/1Y4ZdPOOgCUhBcKZOrUFiS,219773,4
27,0.624,0.976,8,-5.355,1,0.0494,0.004,1.18e-05,0.376,0.514,142.008,audio_features,6MjljecHzHelUDismyKkba,spotify:track:6MjljecHzHelUDismyKkba,https://api.spotify.com/v1/tracks/6MjljecHzHelUDismyKkba,https://api.spotify.com/v1/audio-analysis/6MjljecHzHelUDismyKkba,199120,4
28,0.615,0.711,11,-5.507,1,0.0779,0.0444,0.0,0.145,0.711,144.036,audio_features,67T6l4q3zVjC5nZZPXByU8,spotify:track:67T6l4q3zVjC5nZZPXByU8,https://api.spotify.com/v1/tracks/67T6l4q3zVjC5nZZPXByU8,https://api.spotify.com/v1/audio-analysis/67T6l4q3zVjC5nZZPXByU8,221253,4
29,0.673,0.683,1,-5.693,1,0.115,0.522,0.0,0.235,0.713,171.86,audio_features,34ceTg8ChN5HjrqiIYCn9Q,spotify:track:34ceTg8ChN5HjrqiIYCn9Q,https://api.spotify.com/v1/tracks/34ceTg8ChN5HjrqiIYCn9Q,https://api.spotify.com/v1/audio-analysis/34ceTg8ChN5HjrqiIYCn9Q,232000,4
30,0.652,0.698,10,-4.667,0,0.042,0.00112,0.000115,0.0886,0.47,96.021,audio_features,5Q0Nhxo0l2bP3pNjpGJwV1,spotify:track:5Q0Nhxo0l2bP3pNjpGJwV1,https://api.spotify.com/v1/tracks/5Q0Nhxo0l2bP3pNjpGJwV1,https://api.spotify.com/v1/audio-analysis/5Q0Nhxo0l2bP3pNjpGJwV1,202067,4
31,0.423,0.94,1,-4.012,0,0.0635,0.00166,0.0,0.178,0.505,149.934,audio_features,6GIrIt2M39wEGwjCQjGChX,spotify:track:6GIrIt2M39wEGwjCQjGChX,https://api.spotify.com/v1/tracks/6GIrIt2M39wEGwjCQjGChX,https://api.spotify.com/v1/audio-analysis/6GIrIt2M39wEGwjCQjGChX,206520,4
32,0.706,0.751,9,-6.323,1,0.0708,0.173,0.0,0.168,0.195,91.031,audio_features,4E5P1XyAFtrjpiIxkydly4,spotify:track:4E5P1XyAFtrjpiIxkydly4,https://api.spotify.com/v1/tracks/4E5P1XyAFtrjpiIxkydly4,https://api.spotify.com/v1/audio-analysis/4E5P1XyAFtrjpiIxkydly4,182307,4
33,0.669,0.822,11,-4.288,1,0.043,0.0339,0.000142,0.231,0.43,120.011,audio_features,3H1LCvO3fVsK2HPguhbml0,spotify:track:3H1LCvO3fVsK2HPguhbml0,https://api.spotify.com/v1/tracks/3H1LCvO3fVsK2HPguhbml0,https://api.spotify.com/v1/audio-analysis/3H1LCvO3fVsK2HPguhbml0,277107,4
34,0.829,0.627,1,-3.928,1,0.0759,0.00663,0.0,0.0939,0.72,120.048,audio_features,3uoQULcUWfnt6nc6J7Vgai,spotify:track:3uoQULcUWfnt6nc6J7Vgai,https://api.spotify.com/v1/tracks/3uoQULcUWfnt6nc6J7Vgai,https://api.spotify.com/v1/audio-analysis/3uoQULcUWfnt6nc6J7Vgai,187133,4
35,0.709,0.745,4,-6.437,0,0.0738,0.0225,5.2e-05,0.154,0.576,126.027,audio_features,2nbClS09zsIAqNkshg6jnp,spotify:track:2nbClS09zsIAqNkshg6jnp,https://api.spotify.com/v1/tracks/2nbClS09zsIAqNkshg6jnp,https://api.spotify.com/v1/audio-analysis/2nbClS09zsIAqNkshg6jnp,234360,4
36,0.58,0.75,4,-4.421,1,0.194,0.159,0.0,0.274,0.728,86.938,audio_features,69ghzc538EQSVon2Gm3wrr,spotify:track:69ghzc538EQSVon2Gm3wrr,https://api.spotify.com/v1/tracks/69ghzc538EQSVon2Gm3wrr,https://api.spotify.com/v1/audio-analysis/69ghzc538EQSVon2Gm3wrr,229107,4
37,0.447,0.848,2,-6.175,1,0.222,0.033,7.45e-05,0.722,0.485,172.247,audio_features,1kusepF3AacIEtUTYrw4GV,spotify:track:1kusepF3AacIEtUTYrw4GV,https://api.spotify.com/v1/tracks/1kusepF3AacIEtUTYrw4GV,https://api.spotify.com/v1/audio-analysis/1kusepF3AacIEtUTYrw4GV,203760,4
38,0.356,0.924,1,-3.74,1,0.0808,0.00101,0.0,0.0953,0.232,148.017,audio_features,7oK9VyNzrYvRFo7nQEYkWN,spotify:track:7oK9VyNzrYvRFo7nQEYkWN,https://api.spotify.com/v1/tracks/7oK9VyNzrYvRFo7nQEYkWN,https://api.spotify.com/v1/audio-analysis/7oK9VyNzrYvRFo7nQEYkWN,222587,4
39,0.442,0.893,0,-4.878,1,0.0505,0.00844,0.0,0.529,0.712,148.119,audio_features,12qZHAeOyTf93YAWvGDTat,spotify:track:12qZHAeOyTf93YAWvGDTat,https://api.spotify.com/v1/tracks/12qZHAeOyTf93YAWvGDTat,https://api.spotify.com/v1/audio-analysis/12qZHAeOyTf93YAWvGDTat,168000,4
40,0.938,0.735,7,-6.382,1,0.0434,0.00952,0.0,0.0998,0.55,103.7,audio_features,2jFlMILIQzs7lSFudG9lbo,spotify:track:2jFlMILIQzs7lSFudG9lbo,https://api.spotify.com/v1/tracks/2jFlMILIQzs7lSFudG9lbo,https://api.spotify.com/v1/audio-analysis/2jFlMILIQzs7lSFudG9lbo,229360,4
41,0.719,0.839,5,-5.235,1,0.0257,0.00241,0.0,0.228,0.636,129.97,audio_features,4I2GqMe7L2ccMpUbnDzYLH,spotify:track:4I2GqMe7L2ccMpUbnDzYLH,https://api.spotify.com/v1/tracks/4I2GqMe7L2ccMpUbnDzYLH,https://api.spotify.com/v1/audio-analysis/4I2GqMe7L2ccMpUbnDzYLH,220920,4
42,0.465,0.954,10,-4.251,1,0.044,0.000346,5.38e-06,0.573,0.458,143.85,audio_features,5lDriBxJd22IhOH9zTcFrV,spotify:track:5lDriBxJd22IhOH9zTcFrV,https://api.spotify.com/v1/tracks/5lDriBxJd22IhOH9zTcFrV,https://api.spotify.com/v1/audio-analysis/5lDriBxJd22IhOH9zTcFrV,193653,4
43,0.73,0.848,5,-5.262,0,0.101,0.0494,0.0,0.133,0.559,65.025,audio_features,2eJ8ij1T3cNUKiGdcUvKhy,spotify:track:2eJ8ij1T3cNUKiGdcUvKhy,https://api.spotify.com/v1/tracks/2eJ8ij1T3cNUKiGdcUvKhy,https://api.spotify.com/v1/audio-analysis/2eJ8ij1T3cNUKiGdcUvKhy,213973,4
44,0.559,0.845,11,-3.871,1,0.0379,0.222,0.0,0.164,0.304,94.915,audio_features,5y69gQtK33qxb8a24ACkCy,spotify:track:5y69gQtK33qxb8a24ACkCy,https://api.spotify.com/v1/tracks/5y69gQtK33qxb8a24ACkCy,https://api.spotify.com/v1/audio-analysis/5y69gQtK33qxb8a24ACkCy,237493,4
45,0.725,0.732,9,-6.594,1,0.156,0.0501,1.8e-06,0.104,0.515,93.029,audio_features,1X5WGCrUMuwRFuYU1eAo2I,spotify:track:1X5WGCrUMuwRFuYU1eAo2I,https://api.spotify.com/v1/tracks/1X5WGCrUMuwRFuYU1eAo2I,https://api.spotify.com/v1/audio-analysis/1X5WGCrUMuwRFuYU1eAo2I,201230,4
46,0.695,0.903,9,-5.092,0,0.162,0.0137,4.32e-05,0.126,0.811,138.985,audio_features,3utIAb67sOu0QHxBE88P1M,spotify:track:3utIAb67sOu0QHxBE88P1M,https://api.spotify.com/v1/tracks/3utIAb67sOu0QHxBE88P1M,https://api.spotify.com/v1/audio-analysis/3utIAb67sOu0QHxBE88P1M,190453,4
47,0.747,0.878,8,-3.533,1,0.0282,0.343,0.0,0.0872,0.557,106.004,audio_features,3jkdQNkDTxxXtjSO4l0o1H,spotify:track:3jkdQNkDTxxXtjSO4l0o1H,https://api.spotify.com/v1/tracks/3jkdQNkDTxxXtjSO4l0o1H,https://api.spotify.com/v1/audio-analysis/3jkdQNkDTxxXtjSO4l0o1H,208333,4
48,0.485,0.823,1,-2.816,1,0.0362,0.00981,0.0,0.116,0.555,91.005,audio_features,5c1sfI6wIQEsSUw0xrkFdl,spotify:track:5c1sfI6wIQEsSUw0xrkFdl,https://api.spotify.com/v1/tracks/5c1sfI6wIQEsSUw0xrkFdl,https://api.spotify.com/v1/audio-analysis/5c1sfI6wIQEsSUw0xrkFdl,189187,4
49,0.414,0.936,2,-2.407,1,0.0758,0.00136,0.0,0.369,0.74,170.229,audio_features,6sqNctd7MlJoKDOxPVCAvU,spotify:track:6sqNctd7MlJoKDOxPVCAvU,https://api.spotify.com/v1/tracks/6sqNctd7MlJoKDOxPVCAvU,https://api.spotify.com/v1/audio-analysis/6sqNctd7MlJoKDOxPVCAvU,242413,4
50,0.35,0.909,2,-4.204,1,0.0774,0.0024,0.0,0.163,0.314,166.866,audio_features,1b7vg5T9YKR3NNqXfBYRF7,spotify:track:1b7vg5T9YKR3NNqXfBYRF7,https://api.spotify.com/v1/tracks/1b7vg5T9YKR3NNqXfBYRF7,https://api.spotify.com/v1/audio-analysis/1b7vg5T9YKR3NNqXfBYRF7,220133,4
51,0.815,0.438,0,-14.522,0,0.0346,0.216,0.000466,0.0787,0.552,108.965,audio_features,2HHtWyy5CgaQbC7XSoOb0e,spotify:track:2HHtWyy5CgaQbC7XSoOb0e,https://api.spotify.com/v1/tracks/2HHtWyy5CgaQbC7XSoOb0e,https://api.spotify.com/v1/audio-analysis/2HHtWyy5CgaQbC7XSoOb0e,243773,4
52,0.343,0.975,1,-2.502,0,0.135,3.23e-05,0.991,0.0515,0.133,119.883,audio_features,1MYYt7h6amcrauCOoso3Gx,spotify:track:1MYYt7h6amcrauCOoso3Gx,https://api.spotify.com/v1/tracks/1MYYt7h6amcrauCOoso3Gx,https://api.spotify.com/v1/audio-analysis/1MYYt7h6amcrauCOoso3Gx,70294,4
53,0.414,0.959,7,-4.299,0,0.0378,2.31e-05,0.933,0.368,0.589,145.911,audio_features,3x2mJ2bjCIU70NrH49CtYR,spotify:track:3x2mJ2bjCIU70NrH49CtYR,https://api.spotify.com/v1/tracks/3x2mJ2bjCIU70NrH49CtYR,https://api.spotify.com/v1/audio-analysis/3x2mJ2bjCIU70NrH49CtYR,65306,4
54,0.522,0.205,2,-7.986,1,0.0376,0.0534,0.235,0.0985,0.353,103.868,audio_features,1Pm3fq1SC6lUlNVBGZi3Em,spotify:track:1Pm3fq1SC6lUlNVBGZi3Em,https://api.spotify.com/v1/tracks/1Pm3fq1SC6lUlNVBGZi3Em,https://api.spotify.com/v1/audio-analysis/1Pm3fq1SC6lUlNVBGZi3Em,108532,4
55,0.0849,0.956,2,-4.196,1,0.0805,5.24e-05,0.953,0.397,0.309,185.397,audio_features,1NXTEkIeRL59NK61QuhYUl,spotify:track:1NXTEkIeRL59NK61QuhYUl,https://api.spotify.com/v1/tracks/1NXTEkIeRL59NK61QuhYUl,https://api.spotify.com/v1/audio-analysis/1NXTEkIeRL59NK61QuhYUl,214269,3
56,0.283,0.925,3,-4.7,1,0.111,0.000748,0.933,0.166,0.368,99.45,audio_features,3RGlJJFkWEavxeRQr9ivAd,spotify:track:3RGlJJFkWEavxeRQr9ivAd,https://api.spotify.com/v1/tracks/3RGlJJFkWEavxeRQr9ivAd,https://api.spotify.com/v1/audio-analysis/3RGlJJFkWEavxeRQr9ivAd,110219,4
57,0.492,0.97,4,-5.677,0,0.0554,9.65e-06,0.891,0.162,0.556,120.005,audio_features,0e9hR1vTrzlUvFH5PgA9rY,spotify:track:0e9hR1vTrzlUvFH5PgA9rY,https://api.spotify.com/v1/tracks/0e9hR1vTrzlUvFH5PgA9rY,https://api.spotify.com/v1/audio-analysis/0e9hR1vTrzlUvFH5PgA9rY,207520,4
58,0.493,0.969,2,-3.282,0,0.0463,0.201,0.655,0.247,0.34,170.581,audio_features,7dkbEHIMLoeuG4zXGmzhEH,spotify:track:7dkbEHIMLoeuG4zXGmzhEH,https://api.spotify.com/v1/tracks/7dkbEHIMLoeuG4zXGmzhEH,https://api.spotify.com/v1/audio-analysis/7dkbEHIMLoeuG4zXGmzhEH,226000,4
59,0.536,0.458,2,-9.906,0,0.0385,0.893,0.495,0.106,0.259,170.113,audio_features,7nZnCjIJ8JigdMqJ36yRRm,spotify:track:7nZnCjIJ8JigdMqJ36yRRm,https://api.spotify.com/v1/tracks/7nZnCjIJ8JigdMqJ36yRRm,https://api.spotify.com/v1/audio-analysis/7nZnCjIJ8JigdMqJ36yRRm,104600,1
60,0.638,0.49,4,-9.382,0,0.426,0.271,0.0,0.664,0.511,173.552,audio_features,2TK2KSrzXD6W01qjXVjNGh,spotify:track:2TK2KSrzXD6W01qjXVjNGh,https://api.spotify.com/v1/tracks/2TK2KSrzXD6W01qjXVjNGh,https://api.spotify.com/v1/audio-analysis/2TK2KSrzXD6W01qjXVjNGh,318215,4
61,0.68,0.413,8,-9.41,1,0.492,0.177,0.0,0.205,0.383,158.576,audio_features,3nJYcY9yvKP8Oi2Ml8brXt,spotify:track:3nJYcY9yvKP8Oi2Ml8brXt,https://api.spotify.com/v1/tracks/3nJYcY9yvKP8Oi2Ml8brXt,https://api.spotify.com/v1/audio-analysis/3nJYcY9yvKP8Oi2Ml8brXt,321697,4
62,0.609,0.435,11,-7.861,0,0.285,0.522,0.0,0.118,0.552,131.995,audio_features,4TTV7EcfroSLWzXRY6gLv6,spotify:track:4TTV7EcfroSLWzXRY6gLv6,https://api.spotify.com/v1/tracks/4TTV7EcfroSLWzXRY6gLv6,https://api.spotify.com/v1/audio-analysis/4TTV7EcfroSLWzXRY6gLv6,236738,4
63,0.698,0.649,8,-6.764,1,0.415,0.15,0.0,0.0903,0.568,180.466,audio_features,4cxvludVmQxryrnx1m9FqL,spotify:track:4cxvludVmQxryrnx1m9FqL,https://api.spotify.com/v1/tracks/4cxvludVmQxryrnx1m9FqL,https://api.spotify.com/v1/audio-analysis/4cxvludVmQxryrnx1m9FqL,333154,4
64,0.338,0.34,9,-12.049,0,0.0339,0.58,0.0032,0.116,0.197,82.433,audio_features,5CQ30WqJwcep0pYcV4AMNc,spotify:track:5CQ30WqJwcep0pYcV4AMNc,https://api.spotify.com/v1/tracks/5CQ30WqJwcep0pYcV4AMNc,https://api.spotify.com/v1/audio-analysis/5CQ30WqJwcep0pYcV4AMNc,482830,4
65,0.54,0.423,6,-8.799,1,0.0283,0.294,0.0884,0.152,0.353,150.135,audio_features,1HZ3cUZUw5htSFmah1V8Ko,spotify:track:1HZ3cUZUw5htSFmah1V8Ko,https://api.spotify.com/v1/tracks/1HZ3cUZUw5htSFmah1V8Ko,https://api.spotify.com/v1/audio-analysis/1HZ3cUZUw5htSFmah1V8Ko,306040,4
66,0.444,0.793,5,-5.326,0,0.0377,0.0107,0.000769,0.184,0.208,101.012,audio_features,43pmQcgxMMhJu1gPW2ZdNz,spotify:track:43pmQcgxMMhJu1gPW2ZdNz,https://api.spotify.com/v1/tracks/43pmQcgxMMhJu1gPW2ZdNz,https://api.spotify.com/v1/audio-analysis/43pmQcgxMMhJu1gPW2ZdNz,602080,3
67,0.633,0.858,11,-7.42,0,0.0473,0.208,0.0112,0.0655,0.724,102.561,audio_features,6Vz7vzOpCwKeSQlfViibuY,spotify:track:6Vz7vzOpCwKeSQlfViibuY,https://api.spotify.com/v1/tracks/6Vz7vzOpCwKeSQlfViibuY,https://api.spotify.com/v1/audio-analysis/6Vz7vzOpCwKeSQlfViibuY,356520,4
68,0.566,0.673,9,-10.814,1,0.306,0.565,1.13e-06,0.0438,0.583,114.385,audio_features,4sFbojhVXQv7dBC9PVCcRn,spotify:track:4sFbojhVXQv7dBC9PVCcRn,https://api.spotify.com/v1/tracks/4sFbojhVXQv7dBC9PVCcRn,https://api.spotify.com/v1/audio-analysis/4sFbojhVXQv7dBC9PVCcRn,377747,4
69,0.63,0.616,1,-8.128,0,0.0309,0.463,0.0408,0.173,0.509,118.65,audio_features,1dv3ePjze9tPq2pk8eWJdR,spotify:track:1dv3ePjze9tPq2pk8eWJdR,https://api.spotify.com/v1/tracks/1dv3ePjze9tPq2pk8eWJdR,https://api.spotify.com/v1/audio-analysis/1dv3ePjze9tPq2pk8eWJdR,270773,4
70,0.249,0.834,0,-8.21,1,0.0577,0.0738,9.48e-05,0.0924,0.338,118.223,audio_features,5EWPGh7jbTNO2wakv8LjUI,spotify:track:5EWPGh7jbTNO2wakv8LjUI,https://api.spotify.com/v1/tracks/5EWPGh7jbTNO2wakv8LjUI,https://api.spotify.com/v1/audio-analysis/5EWPGh7jbTNO2wakv8LjUI,547107,4
71,0.419,0.677,4,-6.183,1,0.0343,0.00101,9.99e-05,0.211,0.684,127.678,audio_features,1GqlvSEtMx5xbGptxOTTyk,spotify:track:1GqlvSEtMx5xbGptxOTTyk,https://api.spotify.com/v1/tracks/1GqlvSEtMx5xbGptxOTTyk,https://api.spotify.com/v1/audio-analysis/1GqlvSEtMx5xbGptxOTTyk,303587,4
72,0.435,0.657,5,-8.868,1,0.0545,0.00983,0.00748,0.0923,0.209,118.704,audio_features,39C5FuZ8C8M0QI8CrMsPkR,spotify:track:39C5FuZ8C8M0QI8CrMsPkR,https://api.spotify.com/v1/tracks/39C5FuZ8C8M0QI8CrMsPkR,https://api.spotify.com/v1/audio-analysis/39C5FuZ8C8M0QI8CrMsPkR,467640,4
73,0.473,0.898,6,-4.797,0,0.0561,0.00783,0.0618,0.173,0.808,96.556,audio_features,4aVuWgvD0X63hcOCnZtNFA,spotify:track:4aVuWgvD0X63hcOCnZtNFA,https://api.spotify.com/v1/tracks/4aVuWgvD0X63hcOCnZtNFA,https://api.spotify.com/v1/audio-analysis/4aVuWgvD0X63hcOCnZtNFA,235547,4
74,0.482,0.786,7,-5.735,1,0.032,0.00321,8.88e-05,0.446,0.793,126.755,audio_features,4DMKwE2E2iYDKY01C335Uw,spotify:track:4DMKwE2E2iYDKY01C335Uw,https://api.spotify.com/v1/tracks/4DMKwE2E2iYDKY01C335Uw,https://api.spotify.com/v1/audio-analysis/4DMKwE2E2iYDKY01C335Uw,323000,4
75,0.414,0.404,0,-9.928,0,0.0499,0.271,0.0,0.3,0.224,71.105,audio_features,1AhDOtG9vPSOmsWgNW0BEY,spotify:track:1AhDOtG9vPSOmsWgNW0BEY,https://api.spotify.com/v1/tracks/1AhDOtG9vPSOmsWgNW0BEY,https://api.spotify.com/v1/audio-analysis/1AhDOtG9vPSOmsWgNW0BEY,354320,4
76,0.597,0.605,7,-12.013,1,0.0255,0.181,0.000331,0.118,0.886,97.782,audio_features,4CJVkjo5WpmUAKp3R44LNb,spotify:track:4CJVkjo5WpmUAKp3R44LNb,https://api.spotify.com/v1/tracks/4CJVkjo5WpmUAKp3R44LNb,https://api.spotify.com/v1/audio-analysis/4CJVkjo5WpmUAKp3R44LNb,281147,4
77,0.377,0.681,7,-8.039,1,0.0298,0.00088,0.0023,0.0504,0.285,108.789,audio_features,1QEEqeFIZktqIpPI4jSVSF,spotify:track:1QEEqeFIZktqIpPI4jSVSF,https://api.spotify.com/v1/tracks/1QEEqeFIZktqIpPI4jSVSF,https://api.spotify.com/v1/audio-analysis/1QEEqeFIZktqIpPI4jSVSF,285133,4
78,0.48,0.536,2,-11.166,1,0.0427,0.488,4.22e-05,0.155,0.581,80.617,audio_features,2nVHqZbOGkKWzlcy1aMbE7,spotify:track:2nVHqZbOGkKWzlcy1aMbE7,https://api.spotify.com/v1/tracks/2nVHqZbOGkKWzlcy1aMbE7,https://api.spotify.com/v1/audio-analysis/2nVHqZbOGkKWzlcy1aMbE7,508200,3
79,0.363,0.554,2,-10.784,0,0.0317,0.0885,0.973,0.261,0.408,72.429,audio_features,6MpMuAuLzFFfwB8QzWL1iZ,spotify:track:6MpMuAuLzFFfwB8QzWL1iZ,https://api.spotify.com/v1/tracks/6MpMuAuLzFFfwB8QzWL1iZ,https://api.spotify.com/v1/audio-analysis/6MpMuAuLzFFfwB8QzWL1iZ,241160,1
80,0.454,0.91,6,-7.766,1,0.0448,0.0866,0.0996,0.116,0.629,125.116,audio_features,7o2CTH4ctstm8TNelqjb51,spotify:track:7o2CTH4ctstm8TNelqjb51,https://api.spotify.com/v1/tracks/7o2CTH4ctstm8TNelqjb51,https://api.spotify.com/v1/audio-analysis/7o2CTH4ctstm8TNelqjb51,354520,4
81,0.64,0.663,0,-7.516,1,0.0374,0.201,0.00806,0.152,0.663,132.77,audio_features,4BP3uh0hFLFRb5cjsgLqDh,spotify:track:4BP3uh0hFLFRb5cjsgLqDh,https://api.spotify.com/v1/tracks/4BP3uh0hFLFRb5cjsgLqDh,https://api.spotify.com/v1/audio-analysis/4BP3uh0hFLFRb5cjsgLqDh,140773,4
82,0.482,0.601,7,-12.846,1,0.0486,0.00853,0.000187,0.249,0.774,125.619,audio_features,0XIvZ82aDF7JiSi3ZE320u,spotify:track:0XIvZ82aDF7JiSi3ZE320u,https://api.spotify.com/v1/tracks/0XIvZ82aDF7JiSi3ZE320u,https://api.spotify.com/v1/audio-analysis/0XIvZ82aDF7JiSi3ZE320u,252493,4
83,0.536,0.901,9,-7.211,1,0.0374,0.00145,0.0186,0.06,0.666,87.559,audio_features,3QZ7uX97s82HFYSmQUAN1D,spotify:track:3QZ7uX97s82HFYSmQUAN1D,https://api.spotify.com/v1/tracks/3QZ7uX97s82HFYSmQUAN1D,https://api.spotify.com/v1/audio-analysis/3QZ7uX97s82HFYSmQUAN1D,276880,4
84,0.528,0.921,2,-7.64,1,0.0524,0.0174,0.000186,0.0472,0.298,144.368,audio_features,6UGHk2cmbDC1oidVjXcCKo,spotify:track:6UGHk2cmbDC1oidVjXcCKo,https://api.spotify.com/v1/tracks/6UGHk2cmbDC1oidVjXcCKo,https://api.spotify.com/v1/audio-analysis/6UGHk2cmbDC1oidVjXcCKo,370427,4
85,0.51,0.919,7,-8.244,1,0.0593,0.00205,0.809,0.068,0.386,141.053,audio_features,3lpDrxUkr0tIe1kmJvdK7d,spotify:track:3lpDrxUkr0tIe1kmJvdK7d,https://api.spotify.com/v1/tracks/3lpDrxUkr0tIe1kmJvdK7d,https://api.spotify.com/v1/audio-analysis/3lpDrxUkr0tIe1kmJvdK7d,265840,4
86,0.581,0.854,1,-8.485,0,0.0428,0.00197,0.0013,0.111,0.788,131.18,audio_features,0K6yUnIKNsFtfIpTgGtcHm,spotify:track:0K6yUnIKNsFtfIpTgGtcHm,https://api.spotify.com/v1/tracks/0K6yUnIKNsFtfIpTgGtcHm,https://api.spotify.com/v1/audio-analysis/0K6yUnIKNsFtfIpTgGtcHm,259840,4
87,0.293,0.787,5,-8.841,1,0.0438,0.00774,0.496,0.392,0.139,165.307,audio_features,0hBby0yygBY1u3m6tSpZgC,spotify:track:0hBby0yygBY1u3m6tSpZgC,https://api.spotify.com/v1/tracks/0hBby0yygBY1u3m6tSpZgC,https://api.spotify.com/v1/audio-analysis/0hBby0yygBY1u3m6tSpZgC,658987,4
88,0.528,0.557,2,-10.342,0,0.0315,0.245,0.0156,0.0958,0.357,121.732,audio_features,6cbBAD1AAYVaQR1cx89AZX,spotify:track:6cbBAD1AAYVaQR1cx89AZX,https://api.spotify.com/v1/tracks/6cbBAD1AAYVaQR1cx89AZX,https://api.spotify.com/v1/audio-analysis/6cbBAD1AAYVaQR1cx89AZX,285533,4
89,0.603,0.851,0,-8.574,0,0.0584,0.0251,1.71e-05,0.318,0.627,143.218,audio_features,1k0GxoZYv3Yx5mNeXMOZN2,spotify:track:1k0GxoZYv3Yx5mNeXMOZN2,https://api.spotify.com/v1/tracks/1k0GxoZYv3Yx5mNeXMOZN2,https://api.spotify.com/v1/audio-analysis/1k0GxoZYv3Yx5mNeXMOZN2,286227,4
90,0.622,0.537,0,-4.435,1,0.0335,0.261,0.0,0.0781,0.25,60.018,audio_features,74tqql9zP6JjF5hjkHHUXp,spotify:track:74tqql9zP6JjF5hjkHHUXp,https://api.spotify.com/v1/tracks/74tqql9zP6JjF5hjkHHUXp,https://api.spotify.com/v1/audio-analysis/74tqql9zP6JjF5hjkHHUXp,212716,4
91,0.818,0.599,7,-2.976,0,0.04,0.285,0.0,0.0845,0.874,96.959,audio_features,4erhEGuOGQgjv3p1bccnpn,spotify:track:4erhEGuOGQgjv3p1bccnpn,https://api.spotify.com/v1/tracks/4erhEGuOGQgjv3p1bccnpn,https://api.spotify.com/v1/audio-analysis/4erhEGuOGQgjv3p1bccnpn,180007,4
92,0.761,0.796,9,-4.277,1,0.298,0.309,0.0,0.136,0.892,102.249,audio_features,4hRA2rCPaCOpoEIq5qXaBz,spotify:track:4hRA2rCPaCOpoEIq5qXaBz,https://api.spotify.com/v1/tracks/4hRA2rCPaCOpoEIq5qXaBz,https://api.spotify.com/v1/audio-analysis/4hRA2rCPaCOpoEIq5qXaBz,204376,4
93,0.739,0.706,9,-6.534,1,0.152,0.219,0.0,0.132,0.559,144.111,audio_features,1enx9LPZrXxaVVBxas5rRm,spotify:track:1enx9LPZrXxaVVBxas5rRm,https://api.spotify.com/v1/tracks/1enx9LPZrXxaVVBxas5rRm,https://api.spotify.com/v1/audio-analysis/1enx9LPZrXxaVVBxas5rRm,232867,4
94,0.539,0.846,8,-3.192,1,0.0354,0.0063,1.68e-06,0.13,0.46,106.992,audio_features,0WNGsQ1oAuHzNTk8jivBKW,spotify:track:0WNGsQ1oAuHzNTk8jivBKW,https://api.spotify.com/v1/tracks/0WNGsQ1oAuHzNTk8jivBKW,https://api.spotify.com/v1/audio-analysis/0WNGsQ1oAuHzNTk8jivBKW,274097,4
95,0.729,0.898,5,-1.029,1,0.0391,0.315,0.0,0.107,0.517,126.977,audio_features,24psBRmEw3kHjBGZfl1dmb,spotify:track:24psBRmEw3kHjBGZfl1dmb,https://api.spotify.com/v1/tracks/24psBRmEw3kHjBGZfl1dmb,https://api.spotify.com/v1/audio-analysis/24psBRmEw3kHjBGZfl1dmb,218475,4
96,0.609,0.246,8,-8.449,1,0.0376,0.784,0.0,0.0825,0.371,123.773,audio_features,06L1apH8kLF47dbhZ4Zg9A,spotify:track:06L1apH8kLF47dbhZ4Zg9A,https://api.spotify.com/v1/tracks/06L1apH8kLF47dbhZ4Zg9A,https://api.spotify.com/v1/audio-analysis/06L1apH8kLF47dbhZ4Zg9A,288993,4
97,0.763,0.658,5,-5.643,0,0.147,0.0258,0.0,0.0915,0.389,80.038,audio_features,2qWgqPdW1OiAP8KSBH1b93,spotify:track:2qWgqPdW1OiAP8KSBH1b93,https://api.spotify.com/v1/tracks/2qWgqPdW1OiAP8KSBH1b93,https://api.spotify.com/v1/audio-analysis/2qWgqPdW1OiAP8KSBH1b93,217861,4
98,0.604,0.875,7,-1.995,0,0.0539,0.244,0.0,0.114,0.219,129.925,audio_features,2PTf3zh9UUsgdxQ5b0eXg8,spotify:track:2PTf3zh9UUsgdxQ5b0eXg8,https://api.spotify.com/v1/tracks/2PTf3zh9UUsgdxQ5b0eXg8,https://api.spotify.com/v1/audio-analysis/2PTf3zh9UUsgdxQ5b0eXg8,234107,4
99,0.756,0.426,1,-8.75,0,0.0745,0.504,0.0394,0.0884,0.355,135.96,audio_features,7tIJDktakabGoHjwTTa35W,spotify:track:7tIJDktakabGoHjwTTa35W,https://api.spotify.com/v1/tracks/7tIJDktakabGoHjwTTa35W,https://api.spotify.com/v1/audio-analysis/7tIJDktakabGoHjwTTa35W,257647,4
